{
    "metadata":{
        "uvs":1,
        "generator":"io_three",
        "colors":0,
        "vertices":64,
        "version":3,
        "normals":40,
        "materials":1,
        "faces":92,
        "type":"Geometry"
    },
    "materials":[{
        "transparent":false,
        "DbgIndex":0,
        "mapDiffuseAnisotropy":1,
        "wireframe":false,
        "mapDiffuseRepeat":[1,1],
        "DbgColor":15658734,
        "shading":"phong",
        "colorSpecular":[0.5,0.5,0.5],
        "visible":true,
        "colorDiffuse":[0.64,0.64,0.64],
        "vertexColors":false,
        "doubleSided":false,
        "colorEmissive":[0,0,0],
        "depthWrite":true,
        "mapDiffuseWrap":["repeat","repeat"],
        "opacity":1,
        "blending":"NormalBlending",
        "specularCoef":50,
        "DbgName":"Material.001",
        "mapDiffuse":"REDWHITE.PNG",
        "depthTest":true
    }],
    "normals":[-0.0980173,3.66489e-08,0.995185,-0.290285,3.52711e-08,0.95694,-0.471397,3.30667e-08,0.881921,-0.634393,2.86578e-08,0.77301,-0.77301,2.35141e-08,0.634393,-0.881921,1.984e-08,0.471397,-0.95694,1.24919e-08,0.290285,-0.995185,4.22519e-09,0.0980173,-0.995185,-4.13334e-09,-0.098017,-0.95694,-1.24919e-08,-0.290285,-0.881921,-1.984e-08,-0.471396,-0.77301,-2.35141e-08,-0.634393,-0.634393,-2.86578e-08,-0.77301,-0.471397,-3.23319e-08,-0.881921,-0.290284,-3.52711e-08,-0.95694,-0.0980169,-3.67408e-08,-0.995185,0.0980176,-3.66489e-08,-0.995185,0.290285,-3.56385e-08,-0.95694,0.471397,-3.30667e-08,-0.881921,0.634394,-2.7923e-08,-0.77301,0.773011,-2.27793e-08,-0.634393,0.881922,-1.91052e-08,-0.471396,0.956941,-1.24919e-08,-0.290284,0.995185,-4.13334e-09,-0.0980163,0.995185,4.22519e-09,0.0980182,0.95694,1.28593e-08,0.290286,0.881921,1.984e-08,0.471398,0.77301,2.35141e-08,0.634394,0.634392,2.86578e-08,0.773011,0.471395,3.23319e-08,0.881922,0,1,0,0,1,0,-0,1,0,0,1,-0,0.290283,3.52711e-08,0.956941,0.0980165,3.66492e-08,0.995185,-0,-1,0,0,-1,0,0,-1,0,0,-1,-0],
    "uvs":[[0.595482,0,0.595482,0.334407,0.554686,0.334407,0.554685,0,0.514673,0.334407,0.514673,2.98983e-08,0.476982,0.334407,0.476982,1.99322e-08,0.443061,0.334407,0.443061,1.99322e-08,0.414213,0.334407,0.414213,1.99322e-08,0.264046,0.665593,0.264046,1,0.230125,1,0.230125,0.665593,0.192434,1,0.192434,0.665593,0.152421,1,0.152421,0.665593,0.111625,1,0.111625,0.665593,0.0716121,1,0.0716121,0.665593,0.033921,1,0.033921,0.665593,0,1,1.24043e-08,0.665593,0.414213,0.668814,0.448134,0.334407,0.448134,0.668814,0.485825,0.334407,0.485826,0.668814,0.525838,0.334407,0.525838,0.668814,0.566635,0.334407,0.566635,0.668814,0.606647,0.334407,0.606647,0.668814,0.644338,0.334407,0.644338,0.668814,0.678259,0.334407,0.678259,0.668814,0.707107,0.334407,0.707107,0.668814,0.707107,0.668814,0.707107,0.334407,0.741028,0.334407,0.741028,0.668814,0.778719,0.334407,0.778719,0.668814,0.818731,0.334407,0.818731,0.668814,0.859528,0.334407,0.859528,0.668814,0.89954,0.334407,0.89954,0.668814,0.937231,0.334407,0.937231,0.668814,0.971152,0.334407,0.971153,0.668814,1,0.334407,1,0.668814,0.735954,1.99322e-08,0.735954,0.334407,0.707106,0.334407,0.707106,1.99322e-08,0.673185,0.334407,0.673185,1.99322e-08,0.186708,0.665593,0.146696,0.659199,0.109005,0.646655,0.0750841,0.628445,0.0462366,0.605268,0.0235713,0.578014,0.00795906,0.547732,3.72128e-08,0.515584,0,0.482806,0.00795895,0.450658,0.0235711,0.420376,0.0462363,0.393122,0.0750838,0.369945,0.109005,0.351735,0.146696,0.339191,0.186708,0.332797,0.227505,0.332797,0.267517,0.339191,0.305209,0.351735,0.33913,0.369945,0.367977,0.393122,0.390642,0.420376,0.406254,0.450658,0.414213,0.482806,0.414213,0.515584,0.406254,0.547731,0.390642,0.578014,0.367977,0.605268,0.33913,0.628445,0.305209,0.646655,0.267518,0.659199,0.227505,0.665593,0.635494,0.334407,0.635494,1.99322e-08,2.48085e-08,0.182787,0,0.15001,0.00795896,0.117862,0.0235711,0.0875792,0.0462364,0.0603256,0.0750838,0.0371483,0.109005,0.0189381,0.146696,0.00639463,0.186708,9.9661e-09,0.227505,0,0.267517,0.00639458,0.305208,0.018938,0.339129,0.0371483,0.367977,0.0603255,0.390642,0.0875791,0.406254,0.117862,0.414213,0.150009,0.414213,0.182787,0.406254,0.214935,0.390642,0.245217,0.367977,0.272471,0.339129,0.295648,0.305208,0.313859,0.267517,0.326402,0.227505,0.332797,0.186708,0.332797,0.146696,0.326402,0.109005,0.313858,0.0750837,0.295648,0.0462363,0.272471,0.023571,0.245217,0.00795893,0.214935]],
    "faces":[43,0,1,3,2,0,0,1,2,3,0,0,0,0,43,2,3,5,4,0,3,2,4,5,1,1,1,1,43,4,5,7,6,0,5,4,6,7,2,2,2,2,43,6,7,9,8,0,7,6,8,9,3,3,3,3,43,8,9,11,10,0,9,8,10,11,4,4,4,4,43,10,11,13,12,0,12,13,14,15,5,5,5,5,43,12,13,15,14,0,15,14,16,17,6,6,6,6,43,14,15,17,16,0,17,16,18,19,7,7,7,7,43,16,17,19,18,0,19,18,20,21,8,8,8,8,43,18,19,21,20,0,21,20,22,23,9,9,9,9,43,20,21,23,22,0,23,22,24,25,10,10,10,10,43,22,23,25,24,0,25,24,26,27,11,11,11,11,43,24,25,27,26,0,28,10,29,30,12,12,12,12,43,26,27,29,28,0,30,29,31,32,13,13,13,13,43,28,29,31,30,0,32,31,33,34,14,14,14,14,43,30,31,33,32,0,34,33,35,36,15,15,15,15,43,32,33,35,34,0,36,35,37,38,16,16,16,16,43,34,35,37,36,0,38,37,39,40,17,17,17,17,43,36,37,39,38,0,40,39,41,42,18,18,18,18,43,38,39,41,40,0,42,41,43,44,19,19,19,19,43,40,41,43,42,0,45,46,47,48,20,20,20,20,43,42,43,45,44,0,48,47,49,50,21,21,21,21,43,44,45,47,46,0,50,49,51,52,22,22,22,22,43,46,47,49,48,0,52,51,53,54,23,23,23,23,43,48,49,51,50,0,54,53,55,56,24,24,24,24,43,50,51,53,52,0,56,55,57,58,25,25,25,25,43,52,53,55,54,0,58,57,59,60,26,26,26,26,43,54,55,57,56,0,60,59,61,62,27,27,27,27,43,56,57,59,58,0,63,64,65,66,28,28,28,28,43,58,59,61,60,0,66,65,67,68,29,29,29,29,42,5,3,1,0,100,69,70,30,30,30,42,1,63,61,0,70,71,72,30,30,30,42,61,59,57,0,72,73,74,31,31,31,42,57,55,53,0,74,75,76,30,30,30,42,53,51,49,0,76,77,78,30,30,30,42,49,47,45,0,78,79,80,30,30,30,42,45,43,41,0,80,81,82,30,30,30,42,41,39,37,0,82,83,84,30,30,30,42,37,35,33,0,84,85,86,30,30,30,42,33,31,29,0,86,87,88,30,30,30,42,29,27,25,0,88,89,90,30,30,30,42,25,23,21,0,90,91,92,31,31,31,42,21,19,17,0,92,93,94,30,30,30,42,17,15,13,0,94,95,96,30,30,30,42,13,11,9,0,96,97,98,30,30,30,42,9,7,5,0,98,99,100,30,30,30,42,5,1,61,0,100,70,72,32,32,32,42,61,57,53,0,72,74,76,30,30,30,42,53,49,45,0,76,78,80,30,30,30,42,45,41,37,0,80,82,84,31,31,31,42,37,33,29,0,84,86,88,30,30,30,42,29,25,21,0,88,90,92,30,30,30,42,21,17,13,0,92,94,96,33,33,33,42,13,9,5,0,96,98,100,31,31,31,42,5,61,53,0,100,72,76,32,32,32,42,53,45,37,0,76,80,84,30,30,30,42,37,29,21,0,84,88,92,30,30,30,42,21,13,5,0,92,96,100,30,30,30,42,5,53,37,0,100,76,84,30,30,30,42,37,21,5,0,84,92,100,33,33,33,43,60,61,63,62,0,68,67,101,102,34,34,34,34,43,1,0,62,63,0,1,0,102,101,35,35,35,35,42,62,0,2,0,134,103,104,36,36,36,42,2,4,6,0,104,105,106,37,37,37,42,6,8,10,0,106,107,108,38,38,38,42,10,12,14,0,108,109,110,37,37,37,42,14,16,18,0,110,111,112,39,39,39,42,18,20,22,0,112,113,114,38,38,38,42,22,24,26,0,114,115,116,37,37,37,42,26,28,30,0,116,117,118,37,37,37,42,30,32,34,0,118,119,120,37,37,37,42,34,36,38,0,120,121,122,37,37,37,42,38,40,42,0,122,123,124,37,37,37,42,42,44,46,0,124,125,126,37,37,37,42,46,48,50,0,126,127,128,37,37,37,42,50,52,54,0,128,129,130,38,38,38,42,54,56,58,0,130,131,132,37,37,37,42,58,60,62,0,132,133,134,38,38,38,42,62,2,6,0,134,104,106,38,38,38,42,6,10,14,0,106,108,110,38,38,38,42,14,18,22,0,110,112,114,39,39,39,42,22,26,30,0,114,116,118,37,37,37,42,30,34,38,0,118,120,122,37,37,37,42,38,42,46,0,122,124,126,37,37,37,42,46,50,54,0,126,128,130,37,37,37,42,54,58,62,0,130,132,134,37,37,37,42,62,6,14,0,134,106,110,38,38,38,42,14,22,30,0,110,114,118,37,37,37,42,30,38,46,0,118,122,126,37,37,37,42,46,54,62,0,126,130,134,37,37,37,42,62,14,30,0,134,110,118,39,39,39,42,30,46,62,0,118,126,134,37,37,37],
    "colors":[],