{
    "vertices":[-0.0826503,0.218185,-2.52703,-0.420612,0.218185,-2.49374,-0.745586,0.218185,-2.39516,-1.04508,0.218185,-2.23508,-1.3076,0.218185,-2.01964,-1.52303,0.218185,-1.75713,-1.68312,0.218185,-1.45763,-1.7817,0.218185,-1.13266,-1.81499,0.218185,-0.794696,-1.7817,0.218185,-0.456735,-1.68312,0.218185,-0.131761,-1.52303,0.218185,0.167737,-1.3076,0.218185,0.430249,-1.04508,0.218185,0.645688,-0.745586,0.218185,0.805773,-0.420612,0.218185,0.904352,-0.0826497,0.218185,0.937639,0.255312,0.218185,0.904352,0.580286,0.218185,0.805772,0.879784,0.218185,0.645687,1.1423,0.218185,0.430249,1.35773,0.218185,0.167736,1.51782,0.218185,-0.131762,1.6164,0.218185,-0.456736,1.64968,0.218185,-0.794698,1.6164,0.218185,-1.13266,1.51782,0.218185,-1.45763,1.35773,0.218185,-1.75713,1.14229,0.218185,-2.01964,0.879781,0.218185,-2.23508,0.580283,0.218185,-2.39517,0.255309,0.218185,-2.49375,-0.420612,0.36262,-2.49374,-0.0826503,0.36262,-2.52703,-0.745586,0.36262,-2.39516,-1.04508,0.36262,-2.23508,-1.3076,0.36262,-2.01964,-1.52303,0.36262,-1.75713,-1.68312,0.36262,-1.45763,-1.7817,0.36262,-1.13266,-1.81499,0.36262,-0.794696,-1.7817,0.36262,-0.456735,-1.68312,0.36262,-0.131761,-1.52303,0.36262,0.167737,-1.3076,0.36262,0.430249,-1.04508,0.36262,0.645688,-0.745586,0.36262,0.805773,-0.420612,0.36262,0.904352,-0.0826497,0.36262,0.937639,0.255312,0.36262,0.904352,0.580286,0.36262,0.805772,0.879784,0.36262,0.645687,1.1423,0.36262,0.430249,1.35773,0.36262,0.167736,1.51782,0.36262,-0.131762,1.6164,0.36262,-0.456736,1.64968,0.36262,-0.794698,1.6164,0.36262,-1.13266,1.51782,0.36262,-1.45763,1.35773,0.36262,-1.75713,1.14229,0.36262,-2.01964,0.879781,0.36262,-2.23508,0.580283,0.36262,-2.39517,0.255309,0.36262,-2.49375],
    "uvs":[[0.409366,0.5,0.368419,0.530797,0.322923,0.55201,0.274623,0.562825,0.225378,0.562825,0.177078,0.552011,0.131581,0.530797,0.0906345,0.5,0.0558125,0.460803,0.028453,0.414712,0.00960744,0.363498,2.99465e-08,0.30913,0,0.253696,0.00960729,0.199328,0.0284528,0.148114,0.0558122,0.102023,0.0906342,0.0628252,0.131581,0.032028,0.177078,0.0108146,0.225377,0,0.274623,1.68547e-08,0.322922,0.0108145,0.368419,0.032028,0.409366,0.0628252,0.444188,0.102023,0.471547,0.148114,0.490393,0.199328,0.5,0.253696,0.5,0.309129,0.490393,0.363498,0.471547,0.414711,0.444188,0.460803,0.822923,0.55201,0.774623,0.562825,0.725378,0.562825,0.677078,0.552011,0.631581,0.530797,0.590635,0.5,0.555813,0.460803,0.528453,0.414712,0.509607,0.363498,0.5,0.30913,0.5,0.253696,0.509607,0.199328,0.528453,0.148114,0.555812,0.102023,0.590634,0.0628254,0.63158,0.0320281,0.677077,0.0108146,0.725377,6.74186e-08,0.774623,0,0.822922,0.0108145,0.868419,0.0320279,0.909366,0.0628251,0.944188,0.102022,0.971547,0.148114,0.990393,0.199327,1,0.253696,1,0.309129,0.990393,0.363498,0.971547,0.414711,0.944188,0.460803,0.909366,0.5,0.86842,0.530797,0.062835,0.875514,0.062835,0.8243,0.0837799,0.8243,0.0837799,0.875514,0.020945,0.809129,0.020945,0.863498,5.9893e-08,0.863498,4.11765e-08,0.809129,0.062835,0.769932,0.0837799,0.769932,0.020945,0.914711,9.35829e-08,0.914711,0.062835,0.714499,0.0837799,0.714499,0.020945,0.960803,1.16043e-07,0.960803,0.062835,0.66013,0.0837799,0.66013,0.020945,1,1.36631e-07,1,0.062835,0.608916,0.0837799,0.608916,0.0209451,0.960803,0.0209451,0.921605,0.04189,0.921605,0.04189,0.960803,0.062835,0.562825,0.0837799,0.562825,0.0209451,0.875514,0.04189,0.875514,0.04189,0.960802,0.04189,0.914711,0.0628349,0.914711,0.0628349,0.960802,0.0209451,0.8243,0.04189,0.8243,0.04189,0.863497,0.062835,0.863497,0.0209451,0.769932,0.04189,0.769932,0.0418901,0.602023,0.0418901,0.562825,0.062835,0.562825,0.062835,0.602023,0.04189,0.809129,0.0628349,0.809129,0.0209451,0.714499,0.04189,0.714499,0.0209449,0.562825,0.0209449,0.602023,0,0.602023,9.35829e-09,0.562825,0.04189,0.753696,0.062835,0.753696,0.0209451,0.66013,0.04189,0.66013,0.0209449,0.648114,1.49733e-08,0.648114,0.04189,0.699327,0.062835,0.699327,0.020945,0.608916,0.04189,0.608916,0.0209449,0.699328,1.87166e-08,0.699328,0.04189,0.648113,0.062835,0.648113,0.0209451,0.562825,0.04189,0.562825,0.0209449,0.753696,3.74332e-08,0.753696,0.062835,0.921605,0.0837799,0.921605]],
    "colors":[],
    "materials":[{
        "DbgIndex":1,
        "visible":true,
        "colorDiffuse":[0.64,0.64,0.64],
        "shading":"phong",
        "vertexColors":false,
        "depthWrite":true,
        "depthTest":true,
        "specularCoef":50,
        "transparent":false,
        "colorEmissive":[0,0,0],
        "DbgName":"Material.003",
        "colorSpecular":[0.5,0.5,0.5],
        "wireframe":false,
        "blending":"NormalBlending",
        "doubleSided":false,
        "opacity":1,
        "DbgColor":15597568
    },{
        "DbgIndex":0,
        "visible":true,
        "colorDiffuse":[0.64,0.64,0.64],
        "shading":"phong",
        "vertexColors":false,
        "depthWrite":true,
        "depthTest":true,
        "specularCoef":50,
        "transparent":false,
        "colorEmissive":[0,0,0],
        "DbgName":"Material.002",
        "colorSpecular":[0.5,0.5,0.5],
        "wireframe":false,
        "blending":"NormalBlending",
        "doubleSided":false,
        "opacity":1,
        "DbgColor":15658734
    }],
    "metadata":{
        "type":"Geometry",
        "normals":79,
        "materials":2,
        "vertices":64,
        "version":3,
        "faces":92,
        "uvs":1,
        "colors":0,
        "generator":"io_three"
    },
    "normals":[0,-1,0,0,-1,0,1.42685e-07,-1,-1.73862e-07,2.44959e-08,-1,3.66604e-08,8.60188e-09,-1,4.3244e-08,-8.60178e-09,-1,4.3244e-08,-2.44958e-08,-1,3.66605e-08,-1.42685e-07,-1,-1.73862e-07,1.42685e-07,-1,-1.73862e-07,2.44958e-08,-1,3.66605e-08,8.60178e-09,-1,4.32441e-08,-8.60173e-09,-1,4.32441e-08,-2.44957e-08,-1,3.66606e-08,-1.42685e-07,-1,-1.73861e-07,-0,-1,0,-1.61112e-08,-1,6.37933e-08,4.06401e-14,-1,4.4955e-08,1.61113e-08,-1,6.37933e-08,-1.61113e-08,-1,6.37933e-08,1.016e-14,-1,4.49551e-08,1.61113e-08,-1,6.37934e-08,3.42969e-14,-1,4.76821e-08,-2.72695e-09,-1,4.49551e-08,1.71484e-14,-1,4.7682e-08,-2.72698e-09,-1,4.49551e-08,5.64821e-10,-1,4.63185e-08,5.64774e-10,-1,4.63186e-08,0,1,0,2.85369e-07,1,3.47723e-07,1.72035e-08,1,-8.64882e-08,-4.89915e-08,1,-7.33211e-08,4.89916e-08,1,-7.33211e-08,-1.72038e-08,1,-8.64881e-08,-2.85369e-07,1,3.47724e-07,0,1,0,-2.24775e-08,1,-1.13002e-07,-1.91597e-07,1,-1.28021e-07,-2.26004e-07,1,4.49551e-08,2.26004e-07,1,4.49548e-08,1.91597e-07,1,-1.28021e-07,2.24775e-08,1,-1.13002e-07,5.03879e-09,1,-4.65719e-08,2.43295e-08,1,-5.87366e-08,-2.43295e-08,1,-5.87366e-08,-5.03888e-09,1,-4.65718e-08,8.60178e-09,1,-4.30089e-08,-8.60182e-09,1,-4.30089e-08,0.634394,0,0.77301,-0.95694,0,-0.290285,0.773011,0,0.634393,-0.995185,0,-0.0980172,0.881922,0,0.471396,-0.995185,0,0.0980172,0.956941,0,0.290284,-0.95694,0,0.290285,0.995185,0,0.0980164,-0.881921,0,0.471396,0.995185,0,-0.0980182,-0.77301,0,0.634394,0.95694,0,-0.290286,-0.634394,0,0.77301,0.881921,0,-0.471398,-0.471397,0,0.881921,-0.0980172,0,-0.995185,0.773009,0,-0.634394,-0.290284,0,0.956941,-0.290285,0,-0.95694,0.634392,0,-0.773011,-0.0980171,0,0.995185,-0.471396,0,-0.881921,0.471395,0,-0.881922,0.0980174,0,0.995185,-0.634394,0,-0.77301,0.290283,0,-0.956941,0.290285,0,0.95694,-0.77301,0,-0.634394,0.0980165,0,-0.995185,0.471397,0,0.881921,-0.881921,0,-0.471396],