{
    "faces":[43,0,1,3,2,0,0,1,2,3,0,0,0,0,43,4,5,7,6,1,0,1,2,3,1,1,1,1,43,6,7,11,10,1,0,1,2,3,2,2,2,2,43,10,11,9,8,1,0,1,2,3,3,3,3,3,43,8,9,5,4,1,0,1,2,3,4,4,4,4,43,6,10,8,4,1,0,1,2,3,5,5,5,5,43,11,7,5,9,1,0,1,2,3,6,6,6,6],
    "bones":[],
    "metadata":{
        "faces":7,
        "bones":0,
        "colors":0,
        "type":"Geometry",
        "normals":7,
        "morphTargets":0,
        "vertices":12,
        "version":3,
        "generator":"io_three",
        "uvs":1,
        "materials":2
    },
    "materials":[{
        "colorEmissive":[0,0,0],
        "DbgName":"Material.005",
        "wireframe":false,
        "doubleSided":false,
        "colorDiffuse":[0.64,0.64,0.64],
        "transparent":false,
        "DbgColor":15658734,
        "shading":"phong",
        "colorSpecular":[0.5,0.5,0.5],
        "vertexColors":false,
        "depthWrite":true,
        "DbgIndex":0,
        "blending":1,
        "visible":true,
        "opacity":1,
        "specularCoef":50,
        "depthTest":true
    },{
        "colorEmissive":[0,0,0],
        "DbgName":"Material.004",
        "wireframe":false,
        "doubleSided":false,
        "colorDiffuse":[0.64,0.64,0.64],
        "transparent":false,
        "DbgColor":15597568,
        "shading":"phong",
        "colorSpecular":[0.5,0.5,0.5],
        "vertexColors":false,
        "depthWrite":true,
        "DbgIndex":1,
        "blending":1,
        "visible":true,
        "opacity":1,
        "specularCoef":50,
        "depthTest":true
    }],
    "normals":[0,1,-4.2265e-08,-1,0,0,-0,0,-1,1,0,0,0,5.96046e-08,1,0,-1,4.47035e-08,0,1,0],
    "morphTargets":[],
    "colors":[],
    "skinWeights":[],
    "skinIndices":[],
    "vertices":[-3.31206,0.375277,4.41297,6.55976,0.375277,4.41297,-3.31206,0.375277,-5.45884,6.55976,0.375277,-5.45884,0.774476,0.38921,0.584922,0.774476,2.38921,0.584922,0.774476,0.38921,-1.41508,0.774476,2.38921,-1.41508,2.77448,0.38921,0.584922,2.77448,2.38921,0.584922,2.77448,0.38921,-1.41508,2.77448,2.38921,-1.41508],
    "influencesPerVertex":2,
    "uvs":[[0,0,1,0,1,1,0,1]]
}