{
    "faces":[41,0,1,2,3,0,1,2,3,0,0,0,0,41,4,7,6,5,0,1,2,3,1,1,1,1,41,0,4,5,1,0,1,2,3,2,2,2,2,41,1,5,6,2,0,1,2,3,3,3,3,3,41,2,6,7,3,0,1,2,3,4,4,4,4,41,4,0,3,7,0,1,2,3,5,5,5,5,41,8,9,11,10,0,1,2,3,6,6,6,6],
    "bones":[],
    "metadata":{
        "faces":7,
        "bones":0,
        "colors":0,
        "type":"Geometry",
        "normals":7,
        "morphTargets":0,
        "vertices":12,
        "version":3,
        "generator":"io_three",
        "uvs":1
    },
    "normals":[-5.32907e-15,-1,2.98023e-08,1.06581e-14,1,-2.98023e-08,1,4.47034e-08,2.83122e-07,-2.83122e-07,-7.45059e-08,1,-1,-1.3411e-07,-2.23517e-07,2.38419e-07,1.78814e-07,-1,0,1,-4.17043e-08],
    "morphTargets":[],
    "colors":[],
    "skinWeights":[],
    "skinIndices":[],
    "vertices":[1,-1,-1,1,-1,1,-1,-1,1,-1,-1,-1,1,1,-1,0.999999,1,1,-1,1,1,-1,1,-1,-4.17186,-1.09102,4.61615,4.40347,-1.09102,4.61615,-4.17186,-1.09102,-3.95918,4.40347,-1.09102,-3.95918],
    "influencesPerVertex":2,
    "uvs":[[0,0,1,0,1,1,0,1]]
}